order_item_id,order_id,product_id,quantity,unit_price,discount_rate
1,1,3,2,30.29,0.06
2,1,36,1,16.58,0
3,2,37,2,9.43,0
4,2,20,1,31.1,0.11
5,2,12,2,25.09,0.06
6,3,44,4,6.95,0.01
7,3,17,2,40.85,0
8,3,28,4,25.33,0
9,4,22,1,14.78,0.06
10,5,5,1,256.27,0.06
11,5,41,1,8.07,0.01
12,6,13,2,29.14,0.07
13,7,42,2,11.94,0
14,7,23,1,23.98,0.14
15,8,26,4,40.12,0.09
16,8,9,5,62.5,0.04
17,8,8,4,46.96,0.09
18,8,20,2,29.83,0.09
19,9,10,2,89.5,0.09
20,9,17,3,41.29,0.03
21,9,41,2,8.34,0
22,9,24,3,34.92,0.09
23,10,47,2,13.05,0.1
24,11,12,1,23.98,0
25,11,41,1,7.81,0.06
26,11,49,3,60.75,0.06
27,12,19,2,12.41,0.08
28,12,35,2,32.67,0
29,13,49,3,62.48,0.02
30,13,20,1,28.5,0.07
31,13,11,2,15.42,0.05
32,14,46,3,17.5,0.06
33,14,27,1,20.26,0
34,14,15,1,23.96,0.05
35,15,31,2,45.93,0.03
36,15,38,3,9.97,0.02
37,16,44,1,6.91,0
38,16,38,2,10.25,0.04
39,16,15,5,24.1,0.08
40,16,49,3,58.9,0.05
41,17,11,1,15.57,0.06
42,17,12,2,24.2,0.03
43,18,38,2,10.41,0.05
44,18,5,1,244.23,0.06
45,19,27,1,19.67,0
46,20,47,2,12.67,0.05
47,20,15,1,22.13,0
48,20,48,1,7.71,0.05
49,20,31,1,45.66,0.07
50,21,40,5,14.32,0
51,21,39,1,13.59,0.01
52,21,30,3,19.06,0.02
53,22,23,4,22.88,0.06
54,22,2,2,7.81,0
55,22,1,1,50.33,0.06
56,22,43,2,24.03,0.05
57,23,16,2,19.05,0.05
58,23,32,5,14.43,0.08
59,24,46,2,18.35,0
60,24,47,1,13.55,0
61,25,39,4,13.15,0
62,25,46,1,18.79,0
63,25,31,4,46.22,0.08
64,25,8,1,43.76,0
65,26,7,1,83.49,0
66,27,47,1,12.43,0
67,27,36,4,16.25,0.04
68,27,13,1,29.4,0.03
69,27,35,1,31.77,0.08
70,28,43,3,23.81,0
71,29,31,1,42.82,0
72,29,47,1,13.28,0.02
73,29,33,1,56.25,0.08
74,29,39,4,12.39,0
75,30,26,5,38.95,0.09
76,30,24,1,36.01,0.08
77,30,12,1,24.6,0
78,30,44,5,6.95,0
79,31,36,2,16.27,0.05
80,31,1,2,49.05,0.07
81,31,38,1,9.69,0.02
82,31,3,4,30.01,0.07
83,32,1,5,50.95,0
84,33,39,3,12.81,0
85,33,13,2,29.1,0.04
86,33,14,3,18.38,0
87,34,30,1,19.05,0.06
88,35,34,1,36.28,0.08
89,36,45,1,5.76,0.03
90,37,43,1,24.09,0.03
91,38,45,1,5.84,0.03
92,39,34,2,36.5,0.06
93,40,50,2,146.03,0.06
94,40,8,1,45.21,0.05
95,41,9,5,61.86,0.08
96,41,11,1,15.6,0.06
97,41,20,1,29.73,0.1
98,41,50,2,139.6,0.05
99,42,35,6,33.54,0
100,42,46,1,18.54,0.08
101,42,8,3,46.98,0
102,42,29,2,51.08,0
103,42,23,3,22.91,0.09
104,42,43,4,25.66,0.05
105,43,21,1,46.25,0.13
106,44,32,1,14.36,0.06
107,44,18,3,25.22,0
108,44,48,2,8.24,0.05
109,44,24,5,36.02,0
110,45,25,2,52.04,0
111,45,24,2,34.27,0.07
112,46,50,2,137.03,0.02
113,47,23,3,22.7,0
114,48,46,2,17.13,0.05
115,49,11,2,14.34,0.02
116,49,35,1,32.52,0
117,49,7,1,80.26,0
118,49,26,1,40.06,0.11
119,50,42,1,12.54,0
120,50,19,1,13.27,0
121,50,15,1,22.18,0
122,50,17,2,38.97,0.05
123,51,8,4,44.21,0
124,51,1,2,48.69,0.09
125,51,5,2,246.62,0
126,51,37,2,8.98,0.05
127,52,42,1,11.63,0.04
128,52,24,1,35.49,0.09
129,52,20,1,31.16,0.09
130,52,31,3,47.2,0.07
131,53,12,1,26.08,0.04
132,53,14,2,18.91,0.07
133,54,45,1,6.24,0
134,54,27,2,20.57,0.09
135,54,1,4,47.86,0.1
136,55,35,2,34.06,0.06
137,55,13,5,31.11,0
138,56,24,3,33.9,0
139,57,5,4,253.62,0.1
140,57,33,4,57.57,0.06
141,57,30,2,18.76,0.05
142,57,37,2,8.88,0.02
143,58,24,3,36.09,0.11
144,58,45,6,6.22,0
145,58,10,2,90.66,0.11
146,59,31,4,43.21,0.03
147,60,41,3,8.17,0
148,60,33,4,55.39,0.07
149,61,13,3,31.46,0.04
150,61,38,1,10.22,0
151,61,31,2,43.02,0.04
152,62,50,4,146.66,0.06
153,62,37,1,9.15,0
154,63,14,1,19.16,0.02
155,64,37,2,8.95,0
156,64,7,3,82.76,0.07
157,64,25,3,50.4,0.07
158,65,17,5,41.92,0
159,65,28,1,24.06,0
160,66,16,1,19.3,0.06
161,66,4,5,35.13,0.05
162,66,27,4,19.4,0.07
163,66,14,1,18.63,0
164,67,17,2,39.41,0
165,67,43,3,25.44,0.02
166,67,33,3,54.21,0.03
167,68,24,3,33.95,0.09
168,68,2,1,7.82,0.05
169,69,35,1,33.32,0.06
170,69,16,8,19.88,0.06
171,69,1,1,47.97,0.06
172,69,5,2,255.19,0.07
173,70,5,1,248.12,0
174,70,8,2,46.8,0.06
175,71,8,2,43.17,0.07
176,71,13,2,30.34,0.02
177,72,32,4,14.62,0
178,73,11,5,14.36,0.05
179,74,16,1,19.46,0
180,75,36,3,17.75,0.05
181,75,39,1,13.22,0
182,76,15,4,22.06,0.08
183,76,17,3,38.69,0
184,76,25,1,49.53,0.1
185,77,41,3,7.63,0.03
186,77,43,1,24.65,0.05
187,77,47,3,13.22,0.04
188,78,15,1,21.9,0.02
189,79,37,3,8.86,0.01
190,79,1,1,49.6,0.08
191,79,2,1,8.29,0.04
192,80,13,2,29.72,0.06
193,80,24,3,35.59,0.09
194,81,7,4,80.77,0
195,82,31,1,44.73,0.06
196,82,24,1,33.44,0.12
197,82,49,3,57.41,0
198,83,15,2,22.64,0.04
199,84,43,3,26.03,0.01
200,84,33,3,53.24,0.02
201,84,4,3,35.57,0.03
202,85,17,4,41.59,0.02
203,85,26,1,41.28,0
204,85,40,3,15.72,0.04
205,86,38,1,9.82,0
206,86,2,2,8.26,0
207,86,16,1,20.03,0.01
208,86,14,1,18.16,0.02
209,87,8,1,45.08,0
210,87,28,4,24.73,0.05
211,87,39,4,12.92,0.03
212,88,49,1,62.14,0.02
213,89,9,1,60.42,0
214,89,8,1,44.22,0.06
215,90,12,2,24.96,0
216,91,12,2,26.18,0.01
217,91,6,1,39.41,0.05
218,92,16,5,20.18,0.09
219,93,14,1,19,0.07
220,94,17,1,38.07,0.02
221,94,21,3,43.33,0.08
222,94,44,1,6.66,0.06
223,94,40,3,15.06,0
224,95,25,1,50.7,0
225,95,32,4,15.19,0.04
226,95,48,2,7.79,0
227,95,4,2,34.92,0.04
228,96,36,6,17.29,0
229,96,35,2,32.42,0
230,96,15,5,23.78,0
231,97,29,2,48.52,0.03
232,97,42,1,11.64,0.04
233,97,40,3,14.79,0
234,98,19,2,12.64,0
235,98,14,4,18.74,0
236,98,16,2,19.82,0
237,98,25,2,48.12,0.12
238,99,49,2,60.93,0.07
239,99,36,1,17.53,0.04
240,99,32,4,15.36,0
241,99,27,2,20.77,0.09
242,100,41,5,8.38,0.01
243,101,23,1,23.05,0.09
244,101,16,2,20.68,0.02
245,101,47,1,13.14,0.01
246,101,32,1,14.86,0
247,102,28,1,26.12,0
248,102,40,4,15.38,0.04
249,102,21,2,44.63,0.08
250,102,12,2,24.4,0.03
251,103,33,2,52.53,0.05
252,104,28,1,24.25,0
253,105,41,1,7.83,0.06
254,106,3,2,29.8,0.04
255,106,47,1,12.94,0.05
256,107,25,1,49.81,0.09
257,107,41,1,8.04,0.03
258,107,40,1,15.27,0.02
259,108,12,2,23.93,0.04
260,108,34,4,35.7,0.03
261,108,7,1,77.22,0.06
262,108,18,1,26.15,0
263,109,24,1,33.69,0.12
264,109,14,1,19.61,0.07
265,109,21,2,45.1,0
266,109,47,2,12.7,0.01
267,110,37,5,9.36,0
268,110,16,3,19.56,0.06
269,111,30,4,18.54,0
270,111,11,1,15.18,0.06
271,111,42,2,11.98,0
272,111,6,1,39.56,0
273,112,4,2,33.53,0.09
274,112,18,2,25.02,0.06
275,112,47,2,12.51,0.02
276,113,26,2,39.63,0.09
277,113,39,2,12.56,0
278,114,12,4,24.53,0
279,114,2,3,7.6,0
280,114,25,5,49.45,0.1
281,115,22,2,14.51,0.11
282,115,49,2,58.72,0.05
283,115,4,3,34.47,0.04
284,115,9,2,58.54,0.08
285,116,33,1,54.24,0.05
286,117,8,3,46.17,0.1
287,118,35,1,31.85,0
288,119,46,1,18.12,0
289,119,22,2,14.34,0
290,120,15,3,23.9,0.07
291,121,19,3,13.57,0.1
292,121,33,1,52.26,0
293,121,44,2,7.26,0.04
294,122,34,4,36.08,0.04
295,123,22,3,14.69,0.07
296,124,21,2,42.99,0
297,124,20,1,30.77,0.06
298,124,41,1,8.19,0.04
299,125,50,4,141.2,0.04
300,125,10,2,90.6,0.03
301,126,48,1,7.8,0.03
302,126,29,4,51.71,0
303,126,16,3,20.3,0
304,126,45,2,5.95,0.03
305,127,29,2,50.4,0.11
306,128,12,1,25.79,0
307,129,21,3,43.67,0.09
308,129,9,4,62.49,0.04
309,129,6,3,40.53,0.06
310,129,35,1,32.72,0.08
311,130,40,2,14.77,0
312,130,35,2,33.48,0.03
313,131,31,2,46.34,0
314,132,4,3,36.25,0.06
315,132,47,3,12.42,0.02
316,132,18,3,25.35,0.05
317,132,48,1,7.61,0.07
318,133,39,2,13.38,0.05
319,133,20,1,30.28,0.1
320,133,6,2,40.04,0.09
321,133,45,4,5.96,0.08
322,134,22,2,14.88,0.07
323,134,21,2,44.72,0.12
324,134,8,1,44.93,0
325,134,14,3,19.3,0
326,135,22,3,15.06,0.11
327,135,20,5,30.48,0
328,135,12,5,25.46,0.08
329,135,31,2,47.04,0
330,135,1,8,51.06,0.09
331,136,34,2,34.53,0.05
332,136,21,2,44.78,0.1
333,137,50,4,140.18,0.03
334,137,32,3,14.32,0.08
335,137,4,1,35.29,0.04
336,137,6,3,40.46,0.07
337,138,48,3,7.89,0.04
338,138,38,3,10.1,0.05
339,138,50,2,135.26,0.03
340,138,36,5,16.39,0.04
341,139,7,4,82.68,0.12
342,139,2,6,8.35,0.11
343,140,3,1,28.64,0
344,140,29,2,51.25,0
345,141,17,5,39.77,0
346,141,34,3,36.56,0.05
347,141,15,2,23.63,0.05
348,142,22,2,14.53,0
349,143,30,1,19.46,0.06
350,143,46,3,17.52,0.05
351,144,13,1,29.3,0
352,144,23,4,23.63,0.07
353,144,34,1,34.25,0.05
354,145,37,4,9.03,0
355,145,42,4,12.02,0.03
356,145,3,6,30.83,0
357,146,20,2,30.86,0.1
358,146,36,2,16.17,0
359,146,10,2,89.81,0.07
360,146,25,1,52.34,0.1
361,147,49,3,59.67,0.05
362,147,38,3,10.31,0
363,148,36,2,17.37,0.02
364,148,16,1,20.74,0.04
365,148,30,1,19.48,0.03
366,148,40,1,14.93,0.02
367,149,42,1,12.36,0
368,149,9,1,62.34,0.08
369,150,13,1,29.58,0
370,151,30,3,19.84,0
371,152,1,2,50.8,0.12
372,152,44,1,6.88,0.09
373,152,18,8,25.95,0.1
374,152,26,4,41.35,0
375,152,11,4,15.53,0
376,152,21,4,42.84,0.13
377,153,41,1,8.24,0
378,153,19,1,12.63,0.07
379,153,40,2,15.32,0
380,153,29,2,47.81,0.05
381,154,15,3,22.19,0.07
382,154,42,5,11.73,0.01
383,155,32,3,14.94,0
384,155,29,4,50.09,0
385,155,45,3,6.05,0
386,155,10,4,92.8,0.09
387,156,39,1,12.4,0
388,156,28,1,23.88,0.05
389,156,35,3,33.73,0.04
390,156,47,1,13.51,0.02
391,156,9,2,58.87,0.06
392,157,36,1,17.65,0
393,157,12,2,26.04,0.05
394,157,24,2,33.9,0
395,157,5,1,262.47,0.08
396,158,17,3,40.61,0.04
397,158,21,1,44.86,0.07
398,159,11,2,15.71,0.05
399,159,46,1,17.57,0.06
400,159,36,1,16.8,0
401,159,7,1,77.06,0
402,160,40,2,14.95,0
403,160,37,1,8.79,0
404,160,24,1,35.04,0.12
405,160,19,1,12.59,0.08
406,161,2,1,8.38,0.07
407,161,21,2,43.67,0.09
408,161,4,3,33.4,0.07
409,162,10,1,92.32,0
410,163,28,2,23.98,0.09
411,163,48,1,7.81,0.04
412,163,14,1,19.18,0.03
413,163,11,1,15.37,0.06
414,164,24,4,33.44,0.08
415,164,37,1,8.88,0
416,164,8,4,47.1,0
417,164,39,2,13.07,0.01
418,165,1,3,49.55,0.09
419,165,44,8,7.26,0.1
420,165,6,1,40.47,0
421,165,24,2,33.93,0.1
422,166,45,8,6.04,0.05
423,167,22,2,14.33,0.09
424,168,38,2,10.42,0.03
425,168,6,2,40.9,0.08
426,168,45,2,5.8,0.04
427,168,21,4,42.94,0.09
428,169,9,5,57.16,0.08
429,170,39,2,12.54,0
430,170,24,1,36.68,0.08
431,170,33,2,54.13,0
432,171,19,3,12.79,0.08
433,172,41,6,8.15,0.03
434,172,32,3,14.36,0.07
435,172,35,4,34.45,0.07
436,172,30,3,19.49,0
437,173,37,5,8.72,0.05
438,173,8,4,45.86,0.07
439,173,33,2,53.91,0.04
440,173,28,2,25.31,0
441,174,25,10,51.97,0.1
442,174,4,5,34.45,0.08
443,174,5,2,248.81,0
444,174,30,10,19.11,0.09
445,174,26,2,39.32,0.15
446,174,19,3,12.93,0.12
447,175,47,1,13.01,0.04
448,175,12,1,24.43,0
449,175,50,1,143.39,0.04
450,176,21,2,46.94,0
451,176,19,4,13.48,0
452,177,1,3,49.85,0.03
453,177,39,2,12.77,0.03
454,177,46,1,18.73,0.04
455,178,29,1,51.12,0
456,179,7,4,77.35,0.06
457,179,44,3,7.34,0.06
458,179,36,2,17,0.08
459,179,19,2,13.61,0
460,180,7,1,81.76,0.05
461,180,50,1,140.78,0.03
462,180,25,1,50.82,0.12
463,180,10,2,93.01,0.04
464,181,27,2,19.46,0.1
465,181,33,1,56.64,0
466,181,39,3,13.4,0
467,182,23,2,22.7,0.06
468,182,50,2,142.58,0
469,183,43,5,24.76,0
470,183,21,1,44.76,0.12
471,183,3,1,30.4,0.08
472,183,36,2,17.19,0
473,184,35,3,31.83,0
474,184,45,3,5.71,0
475,185,2,3,8.11,0.05
476,185,28,2,24.33,0
477,185,36,4,17.73,0
478,185,44,4,6.88,0.03
479,186,26,1,40.22,0
480,186,42,1,12.58,0.05
481,186,19,2,12.54,0.1
482,186,37,5,9.42,0.04
483,187,8,2,44.86,0.06
484,188,35,1,33.33,0
485,188,18,2,24.25,0.04
486,188,4,3,36.74,0.05
487,188,46,1,18.25,0.03
488,188,2,1,7.96,0.06
489,189,28,4,23.86,0
490,189,8,3,45.51,0.06
491,189,46,3,17.13,0
492,189,1,2,51.14,0.08
493,189,4,4,36.67,0.07
494,189,38,5,10.22,0.03
495,190,16,1,19.41,0
496,190,41,2,7.83,0
497,191,17,2,38.64,0
498,191,8,1,46.9,0
499,191,4,4,33.68,0.06
500,192,21,1,44.67,0.08
501,192,25,1,51.59,0.08
502,193,23,1,21.85,0.09
503,193,13,5,30.84,0
504,193,2,1,8.33,0.09
505,193,30,2,19.02,0.05
506,194,34,2,36.28,0.08
507,194,26,2,40.55,0.13
508,195,4,2,33.61,0
509,195,40,2,14.4,0.05
510,195,34,2,34,0.02
511,195,2,1,8.28,0
512,196,49,1,59.26,0.02
513,197,16,2,20.36,0.02
514,197,1,2,47.72,0.05
515,197,40,2,15.65,0.05
516,197,25,1,47.63,0.07
517,198,18,1,23.97,0
518,198,22,1,15.72,0.09
519,199,18,4,25.05,0.04
520,199,8,1,44.61,0.03
521,199,1,5,49.6,0.04
522,199,34,3,35.93,0.03
523,200,45,1,6.12,0
524,201,47,2,12.53,0.09
525,202,3,1,29.32,0.06
526,202,10,1,87.66,0.08
527,203,45,3,5.94,0.03
528,203,38,3,10.1,0.02
529,204,11,2,14.84,0.04
530,204,3,5,28.56,0.09
531,204,1,5,49.9,0.08
532,204,2,4,8.26,0
533,205,20,2,28.85,0
534,206,50,1,146.88,0.05
535,206,38,2,10.38,0.04
536,206,8,2,42.78,0.05
537,207,7,2,76.18,0.08
538,207,33,2,53.04,0
539,208,24,2,33.41,0.09
540,208,10,1,89.49,0.08
541,209,20,10,30.58,0.14
542,209,34,3,36.3,0
543,209,7,6,83.81,0.08
544,210,11,2,14.82,0.04
545,211,42,3,11.79,0.02
546,211,3,1,28.57,0.1
547,211,1,1,50.26,0.08
548,211,49,1,60.33,0.06
549,212,17,1,39.45,0.07
550,213,40,5,14.66,0.05
551,213,26,3,39.26,0
552,213,9,2,61.54,0.06
553,213,50,1,142.92,0
554,214,38,1,10.38,0.01
555,214,37,4,9.31,0
556,214,4,2,34.7,0.09
557,214,34,2,33.62,0
558,215,10,2,93.33,0
559,215,15,4,22.99,0.03
560,216,17,2,41.47,0.02
561,216,48,1,7.95,0
562,216,45,2,5.78,0.03
563,216,12,3,25.95,0.04
564,217,44,1,6.65,0.04
565,217,7,1,78.79,0.07
566,217,43,1,24.66,0
567,217,22,2,14.84,0.08
568,218,20,1,30.42,0.1
569,219,49,2,58.06,0.03
570,219,37,2,9.01,0
571,219,34,1,35.34,0.06
572,220,35,4,33.99,0.05
573,221,3,4,28.55,0.06
574,222,38,2,9.74,0.05
575,222,41,2,8.17,0
576,222,7,1,79.66,0
577,222,4,2,36.28,0.06
578,223,16,2,19.03,0.04
579,223,31,1,47,0.07
580,223,3,2,29.09,0
581,224,50,1,136.47,0.06
582,224,6,4,38.93,0.07
583,224,36,1,17.28,0.02
584,224,9,4,60.74,0
585,225,1,3,50.21,0.05
586,226,14,3,19.52,0
587,226,30,1,18.09,0.08
588,227,2,2,8.16,0.09
589,228,24,4,36.34,0.07
590,228,14,1,19.09,0.06
591,228,9,2,62.57,0
592,228,30,2,19.45,0.04
593,229,15,3,21.98,0.02
594,229,49,3,59.52,0
595,229,17,3,41.59,0
596,229,19,4,12.58,0.07
597,230,34,1,36.14,0
598,231,5,2,249.69,0
599,231,3,1,30.55,0.07
600,232,10,3,86.49,0.05
601,233,19,1,12.77,0.1
602,233,14,5,19.88,0.06
603,234,7,1,80.55,0.08
604,234,5,3,250.42,0
605,234,14,1,19.16,0.05
606,235,43,2,25.77,0.03
607,236,19,4,12.76,0
608,236,35,4,31.62,0.07
609,237,9,3,59.79,0.08
610,237,36,5,17.16,0
611,237,39,2,13.25,0
612,238,50,2,140.19,0.05
613,238,4,3,35.98,0
614,238,25,2,48.52,0.1
615,238,29,1,51.56,0.02
616,239,4,2,34.59,0.02
617,239,6,1,41.76,0.02
618,239,12,2,25.81,0.05
619,239,25,3,50.17,0.11
620,239,15,3,23.94,0
621,240,27,1,20.76,0
622,240,17,3,39.06,0.03
623,240,14,1,19.04,0.07
624,240,30,3,18.6,0
625,241,46,2,18.29,0
626,242,11,2,14.76,0
627,242,13,3,30.73,0.04
628,243,27,1,19.4,0.12
629,243,46,3,17.54,0.02
630,243,17,2,41.69,0.04
631,244,29,3,50.17,0.07
632,244,19,1,12.97,0.13
633,244,40,2,15.18,0
634,244,36,2,16.37,0.06
635,245,31,2,45.27,0
636,246,15,3,23.6,0.01
637,247,36,2,17.78,0.02
638,248,24,1,36.28,0.11
639,248,37,2,9.31,0
640,248,14,2,19.68,0
641,249,4,1,33.61,0
642,249,10,1,87.21,0.06
643,249,2,2,7.89,0.05
644,249,42,3,11.82,0
645,250,29,4,48.41,0
646,250,37,5,9.28,0
647,250,36,4,17.31,0.08
648,251,16,1,19.49,0.02
649,251,44,1,7.05,0
650,251,6,2,38.08,0.03
651,252,50,3,142.27,0
652,252,48,1,8.22,0.07
653,252,45,1,5.83,0.03
654,252,24,4,33.32,0.11
655,253,9,1,61.16,0
656,254,31,2,42.99,0.05
657,254,10,4,89.72,0.07
658,255,34,1,33.49,0
659,255,23,1,22.84,0.1
660,255,28,1,25.06,0.05
661,256,11,10,15.22,0
662,256,9,6,58.13,0
663,256,29,2,49.97,0.06
664,257,23,5,23.81,0
665,258,49,2,59.16,0.04
666,258,1,4,52.31,0
667,258,44,3,7.31,0
668,258,40,3,15.01,0.01
669,259,8,3,46.11,0.03
670,259,39,1,13.53,0
671,259,33,3,55.69,0.05
672,260,29,3,51.66,0.09
673,260,8,2,44.97,0.11
674,260,31,2,45.58,0.06
675,260,23,6,23.66,0.13
676,260,11,6,15.6,0.08
677,261,50,2,137.91,0.02
678,262,11,2,14.31,0.05
679,262,30,3,18.66,0.07
680,262,17,2,39.53,0.03
681,262,47,1,13.25,0.03
682,263,35,6,33.46,0
683,263,42,4,11.51,0
684,263,1,6,48.07,0
685,263,47,4,13.15,0.09
686,263,16,3,20.7,0.06
687,263,46,4,18.46,0.1
688,264,22,3,14.35,0.15
689,264,46,2,17.98,0
690,264,28,5,24.42,0
691,264,17,2,40.12,0.05
692,264,31,2,43.1,0.1
693,265,4,2,34.12,0.05
694,265,22,4,15.55,0.1
695,265,44,4,6.97,0.01
696,265,10,1,93.3,0
697,266,50,2,136.68,0.06
698,266,6,1,41.65,0
699,267,46,1,17.87,0.06
700,268,42,2,12.18,0.03
701,268,1,2,48.06,0.03
702,268,26,3,38.56,0
703,269,34,1,36.42,0.06
704,270,27,2,20.17,0
705,270,45,3,5.83,0
706,270,7,1,78.63,0
707,271,46,2,17.96,0.07
708,271,15,1,22.31,0.05
709,271,34,2,34.04,0
710,271,2,1,8.35,0.03
711,272,29,2,49,0
712,272,15,1,22.86,0.06
713,272,2,4,8.31,0.06
714,272,6,2,38.85,0.08
715,273,39,4,13.1,0.03
716,273,31,4,44.03,0
717,274,25,2,49.09,0.09
718,274,30,4,19.74,0.08
719,274,44,1,6.88,0
720,275,9,3,61.61,0.05
721,276,21,1,46.99,0.09
722,276,23,1,22.6,0.09
723,276,36,1,17.59,0.05
724,276,27,1,20.99,0.12
725,277,9,1,62.52,0.03
726,278,29,1,51.6,0
727,278,8,2,45.45,0.04
728,278,32,2,15.28,0
729,279,8,4,44.21,0
730,279,14,4,18.91,0.07
731,279,5,1,257.29,0.07
732,279,30,2,18.9,0.02
733,280,16,2,19.12,0.05
734,281,20,2,29.21,0
735,281,43,1,24.85,0
736,281,38,1,10.04,0
737,281,6,4,41.55,0.06
738,282,42,1,12.28,0.04
739,283,43,1,24.64,0
740,284,19,2,13.23,0
741,285,20,5,29.91,0
742,286,22,1,15.19,0.12
743,286,38,3,10.09,0
744,286,30,1,19.56,0.07
745,286,24,2,36.12,0
746,287,40,3,15.16,0
747,287,12,3,25.91,0.03
748,287,1,3,48.62,0.08
749,288,18,2,24.27,0
750,288,36,2,17.07,0.01
751,289,41,1,8.35,0.01
752,290,26,2,41.14,0.08
753,291,46,2,17.63,0.04
754,291,23,2,23.19,0.1
755,291,42,3,12.22,0.05
756,292,6,5,38.63,0.04
757,292,10,1,86.39,0.07
758,293,9,1,58.46,0
759,293,42,4,12.21,0.04
760,294,8,2,44.94,0.08
761,294,15,5,22.99,0.06
762,294,41,4,7.93,0.03
763,295,16,3,19.08,0.04
764,295,31,1,47.19,0
765,295,35,2,32.04,0.08
766,295,48,4,7.82,0
767,295,23,3,23.97,0.09
768,295,39,1,12.96,0
769,296,37,2,8.99,0
770,296,44,2,6.96,0.03
771,296,31,1,44.88,0.04
772,296,8,2,43.82,0.08
773,296,35,2,33.28,0.06
774,297,7,4,79.35,0
775,297,14,4,19.58,0.06
776,298,50,1,142.44,0
777,298,18,2,24.32,0.02
778,299,39,1,13.58,0
779,299,45,2,5.89,0.07
780,299,7,1,79.21,0.03
781,299,25,2,50.8,0.1
782,300,3,1,31.36,0.08
783,300,23,1,24.04,0.09
784,300,22,2,15.36,0.09
785,301,32,5,14.8,0.06
786,302,20,1,28.55,0
787,303,46,2,17.36,0.06
788,303,9,1,60.92,0.04
789,304,10,1,90.01,0.04
790,304,12,3,24.38,0.03
791,305,5,2,247.46,0.09
792,305,18,3,25.51,0.06
793,305,6,4,39.26,0.1
794,306,49,2,62.18,0
795,306,50,1,142.83,0.09
796,306,47,1,12.73,0.05
797,307,3,3,29.73,0.07
798,307,25,2,51.76,0.12
799,308,19,2,12.96,0.08
800,308,8,2,43.58,0
801,308,23,1,22.61,0.07
802,308,3,1,31.43,0.05
803,309,24,5,36.12,0.06
804,309,42,1,11.64,0.01
805,309,26,4,39.77,0
806,310,8,3,46.16,0
807,311,45,1,5.98,0.02
808,311,20,1,30.47,0.11
809,312,4,5,33.76,0.08
810,312,28,5,25.59,0
811,313,12,6,25.09,0
812,313,38,3,9.58,0
813,313,21,4,43.14,0.11
814,314,45,3,5.76,0.04
815,314,30,4,18.95,0
816,315,13,1,30.92,0
817,316,20,2,28.54,0
818,316,28,3,26.22,0.07
819,316,41,3,7.85,0
820,316,34,2,35.02,0.06
821,316,14,4,18.2,0
822,317,38,3,10.34,0
823,317,49,1,58.15,0.03
824,317,3,3,29.39,0.04
825,318,48,2,7.62,0.04
826,318,24,1,33.45,0.08
827,318,26,1,39.36,0
828,319,39,3,13.06,0
829,319,40,2,14.58,0.07
830,319,18,2,25.83,0.07
831,320,33,3,52.93,0.02
832,320,34,2,34.97,0
833,320,12,2,24.57,0
834,321,49,1,60.64,0
835,322,33,1,57.17,0.07
836,322,39,3,13.12,0.01
837,323,48,2,8.1,0
838,323,26,2,41.8,0.08
839,323,45,1,5.69,0
840,324,45,2,6.27,0.06
841,324,5,1,260.29,0.06
842,325,1,3,48.41,0
843,325,22,5,15.64,0.09
844,325,41,2,7.86,0
845,325,4,3,34.87,0.06
846,325,12,2,25.81,0
847,326,30,4,19.27,0.06
848,326,34,1,35.52,0.03
849,326,32,2,15.53,0
850,326,2,2,8.16,0.06
851,327,4,2,34.24,0
852,327,16,2,19.21,0.06
853,328,34,2,35.17,0.05
854,328,46,4,18.75,0.03
855,328,37,2,9.3,0.06
856,328,29,1,49.47,0.03
857,329,39,3,13.46,0.05
858,330,23,5,22.44,0.11
859,330,15,3,22.58,0.02
860,331,44,3,7.19,0.07
861,331,21,2,47.1,0.11
862,332,36,3,17.54,0.01
863,333,16,2,20.08,0
864,333,4,2,36.38,0.05
865,333,49,1,59.05,0.02
866,333,47,4,12.83,0.02
867,334,47,2,12.78,0.02
868,334,1,1,49.56,0
869,334,15,5,22.27,0.04
870,335,48,1,8.18,0
871,336,48,2,7.7,0.02
872,336,28,2,25.34,0.01
873,336,1,3,48.04,0.04
874,336,24,3,35.3,0
875,337,9,4,62.75,0.11
876,337,47,2,12.36,0.08
877,337,26,1,39.99,0.15
878,338,32,3,15.14,0.09
879,338,29,3,48.28,0.07
880,338,49,6,62.37,0
881,338,25,1,50.93,0.15
882,338,16,1,20.2,0.04
883,338,1,5,48.02,0.11
884,339,20,1,28.61,0.08
885,340,2,3,7.72,0.05
886,340,21,1,47.23,0.09
887,341,15,3,22.75,0.06
888,341,38,5,9.86,0
889,341,27,2,20.73,0.12
890,342,2,3,7.74,0.04
891,343,29,1,49.54,0.04
892,343,13,1,31.24,0.03
893,344,48,1,8.13,0
894,344,40,1,15.72,0.04
895,344,44,3,7.13,0
896,345,12,2,26.18,0.02
897,345,15,4,22.56,0.03
898,345,29,2,48.06,0.04
899,345,22,2,14.67,0
900,346,38,4,10.41,0.05
901,346,34,1,33.98,0
902,346,20,2,31.04,0.08
903,347,32,2,15.09,0
904,347,19,2,13.33,0.1
905,347,16,1,20.88,0.01
906,347,13,2,30.98,0.05
907,347,39,2,12.95,0
908,348,33,3,56.72,0.03
909,349,10,5,91.13,0
910,349,36,1,17.73,0.05
911,350,21,1,46.88,0.11
912,351,32,4,15.29,0.05
913,351,9,2,60.6,0
914,351,24,1,34.13,0
915,352,37,2,9.03,0
916,353,37,2,9.22,0.04
917,354,22,1,14.38,0.12
918,354,11,2,14.6,0.06
919,354,47,1,13.53,0.02
920,354,19,1,12.76,0
921,355,14,1,18.44,0.06
922,355,27,2,20.31,0.08
923,356,2,3,7.63,0.07
924,356,11,3,14.57,0.02
925,356,15,1,21.89,0.06
926,356,14,3,19.63,0.07
927,357,20,2,30.51,0.09
928,358,3,1,29.31,0.06
929,358,42,1,11.68,0.06
930,358,49,2,58.37,0
931,359,31,1,43.55,0.05
932,360,10,1,93.95,0.03
933,361,49,1,59.04,0
934,361,15,1,23.74,0.02
935,361,1,1,51.83,0.07
936,361,34,2,35.05,0.05
937,362,29,2,52.09,0.05
938,363,40,2,15.09,0.04
939,363,15,2,22.63,0.02
940,363,39,1,13.57,0.04
941,363,22,3,14.85,0.08
942,363,8,1,45.02,0.04
943,364,25,5,47.67,0.1
944,365,29,1,52.28,0.04
945,365,36,1,16.31,0.02
946,366,11,2,14.26,0.03
947,366,4,3,35.1,0
948,366,49,2,61.32,0.07
949,367,43,1,25.68,0.02
950,367,37,1,8.9,0.01
951,367,21,3,47.23,0.12
952,367,1,1,48.99,0
953,368,35,4,33.95,0.03
954,368,38,1,10.22,0
955,369,13,1,31.05,0.04
956,369,41,2,7.7,0
957,369,49,2,60.55,0
958,370,18,2,24.59,0
959,370,48,2,8.19,0
960,370,24,4,35.92,0
961,370,49,1,57.05,0.05
962,371,33,2,53.81,0.08
963,372,49,4,58.42,0.03
964,372,48,5,7.97,0.04
965,373,10,1,88.53,0
966,374,8,2,46.99,0.03
967,374,12,2,23.94,0
968,375,22,2,15.53,0.06
969,375,3,3,29.21,0.05
970,375,44,1,6.98,0.03
971,375,43,1,25.21,0.03
972,376,38,3,9.64,0.08
973,376,31,2,46.26,0.08
974,376,3,4,29.17,0.08
975,376,27,2,20.13,0.13
976,376,24,10,34.81,0.1
977,377,15,3,23.55,0
978,377,13,6,29.04,0.09
979,377,49,2,62.22,0
980,377,34,5,35.13,0.1
981,377,12,2,25.16,0.08
982,377,11,6,15.69,0
983,378,25,2,49.02,0.15
984,378,23,2,22.82,0.12
985,378,7,2,80.23,0.06
986,379,27,2,19.1,0.06
987,379,40,3,14.24,0
988,380,35,3,34.01,0
989,381,28,1,25.6,0.05
990,381,20,2,29,0
991,381,30,1,19.37,0
992,381,39,2,13.6,0.05
993,382,1,1,51.99,0
994,382,25,2,49.91,0.06
995,382,41,2,8.08,0
996,382,49,4,58.61,0.05
997,383,42,1,12.23,0.08
998,384,28,2,25.84,0
999,384,40,3,15.12,0.02
1000,385,7,2,82.7,0
1001,385,28,1,26.03,0.04
1002,385,13,3,29.6,0.03
1003,385,15,1,22.43,0.05
1004,386,17,5,39.4,0.05
1005,386,31,2,43.26,0.07
1006,387,19,8,12.52,0
1007,387,21,3,42.99,0.12
1008,387,12,8,25.54,0.09
1009,387,3,2,29.92,0.07
1010,388,10,1,89.43,0.06
1011,388,32,3,15.54,0.04
1012,388,42,2,11.9,0
1013,389,22,1,14.77,0.08
1014,390,11,3,15.22,0
1015,390,8,2,44.73,0.03
1016,390,14,1,19.04,0
1017,390,37,1,9.24,0.06
1018,391,12,1,25.68,0.01
1019,391,43,4,25.42,0.02
1020,391,45,2,5.82,0.03
1021,391,11,4,15.19,0.01
1022,392,29,2,47.61,0.05
1023,392,27,1,19.7,0
1024,392,44,3,6.72,0.04
1025,392,28,1,24.48,0.02
1026,393,29,3,50.96,0
1027,394,10,1,91.52,0.04
1028,394,11,2,14.78,0.04
1029,395,22,2,15.02,0
1030,396,24,2,36.41,0
1031,397,31,1,47.01,0.03
1032,397,14,2,19.33,0.05
1033,397,37,1,8.56,0
1034,398,11,2,15.33,0.08
1035,398,6,1,40.51,0.1
1036,398,27,8,19.04,0.11
1037,399,44,4,6.81,0.06
1038,399,2,4,8.27,0.07
1039,399,8,3,46.33,0
1040,400,30,3,19.7,0.03
1041,400,42,1,11.96,0.02
1042,400,24,3,35.88,0.06
1043,400,40,1,14.28,0
1044,401,27,3,19.01,0
1045,401,1,3,47.6,0.03
1046,402,27,5,20.14,0
1047,402,48,3,7.73,0.05
1048,402,44,2,6.95,0.09
1049,402,46,2,18.15,0
1050,402,1,2,52.47,0.07
1051,403,44,2,6.89,0.03
1052,403,17,1,41.89,0
1053,404,14,3,18.86,0
1054,405,20,2,30.91,0
1055,405,36,1,16.62,0.03
1056,405,45,1,6.26,0.04
1057,405,2,3,7.91,0
1058,406,20,1,29.27,0.09
1059,406,9,1,60.72,0.09
1060,406,7,2,76.79,0
1061,406,21,1,42.79,0.13
1062,407,25,1,48.91,0.08
1063,407,20,4,30.82,0
1064,407,26,2,41.49,0.11
1065,408,13,1,30.02,0.05
1066,408,1,1,51.07,0.03
1067,408,3,1,30.44,0.04
1068,409,8,3,45.78,0.08
1069,410,21,1,46.41,0.09
1070,410,35,1,32.04,0.06
1071,410,2,2,8.29,0.05
1072,410,36,2,16.45,0.04
1073,410,38,1,10.29,0.04
1074,411,32,3,14.63,0.05
1075,411,22,4,14.89,0
1076,411,24,1,35.23,0.11
1077,411,13,3,28.58,0.06
1078,412,16,1,19.14,0
1079,412,28,2,23.94,0.07
1080,412,34,5,34.92,0.05
1081,413,44,2,7.28,0
1082,413,39,1,12.41,0.06
1083,414,34,4,33.86,0
1084,415,6,2,39.12,0.05
1085,415,14,3,19.24,0
1086,415,16,2,20.46,0.03
1087,416,46,4,17.19,0.06
1088,416,3,4,30.98,0
1089,416,10,2,88.39,0
1090,416,9,4,61.04,0.08
1091,416,11,2,14.8,0.09
1092,417,50,1,132.99,0
1093,418,2,8,7.91,0.1
1094,418,5,3,258.45,0.11
1095,418,15,1,22.17,0.07
1096,418,42,4,11.6,0.08
1097,418,33,8,56.07,0.05
1098,419,40,1,15.07,0.01
1099,419,26,1,38.32,0.1
1100,419,7,1,82.17,0.09
1101,419,41,1,8.18,0.05
1102,420,25,5,47.8,0
1103,420,35,4,33.31,0.06
1104,420,36,2,17.83,0.04
1105,420,34,4,33.77,0.04
1106,421,2,2,8.11,0.1
1107,421,3,1,31.03,0
1108,421,37,4,8.63,0.07
1109,421,26,1,41.56,0
1110,421,16,4,19.91,0.05
1111,421,6,3,41.24,0.08
1112,422,23,1,22.27,0.14
1113,422,49,2,59.88,0
1114,422,40,5,15.47,0
1115,422,11,2,15.07,0.04
1116,422,9,3,59.24,0.07
1117,423,16,2,19.77,0
1118,423,9,2,61.4,0.07
1119,423,3,2,30.69,0.05
1120,424,2,2,8.2,0
1121,424,3,1,30.49,0
1122,424,47,4,13.56,0
1123,424,44,1,7.17,0.04
1124,425,2,1,7.91,0.04
1125,426,36,5,17.36,0.07
1126,426,19,3,13.58,0.11
1127,427,3,2,30.44,0.08
1128,427,42,2,12.09,0.06
1129,427,8,1,43.42,0.08
1130,427,31,3,46.35,0.1
1131,427,40,4,14.48,0.07
1132,428,10,1,89.9,0.06
1133,428,17,2,41.16,0.08
1134,428,48,4,8.24,0.06
1135,429,12,1,25.85,0.02
1136,429,27,2,19.42,0
1137,430,25,4,50.32,0.1
1138,430,37,1,9.19,0.07
1139,430,24,2,34.03,0.08
1140,431,6,2,41.94,0.08
1141,432,10,1,91.5,0.07
1142,432,25,1,49.89,0
1143,433,22,2,15.69,0.11
1144,433,45,4,5.9,0.03
1145,433,26,3,39.97,0.11
1146,434,16,1,19.67,0.03
1147,434,29,4,49.99,0.07
1148,434,6,1,38.54,0
1149,434,48,2,7.82,0.04
1150,435,43,3,24.32,0.03
1151,435,23,2,23.16,0.1
1152,435,3,3,28.68,0
1153,435,34,3,34.11,0.04
1154,436,11,2,15.28,0.03
1155,437,24,2,33.58,0.12
1156,438,40,2,15.01,0.07
1157,439,7,4,78.17,0.03
1158,439,12,3,24.43,0
1159,440,3,1,31.49,0.06
1160,440,49,1,57,0.06
1161,441,33,1,55.54,0.05
1162,441,48,1,7.76,0
1163,441,2,2,8.35,0.05
1164,442,38,3,9.6,0.01
1165,442,33,3,53.02,0.04
1166,442,31,4,43.44,0
1167,443,39,2,13.13,0
1168,443,20,4,29.63,0.1
1169,443,33,1,55.43,0
1170,444,23,1,21.89,0.09
1171,444,25,1,51.76,0.08
1172,444,48,1,8.39,0.02
1173,444,10,3,88,0.09
1174,445,21,2,46.77,0.06
1175,446,36,4,16.62,0.08
1176,446,35,2,32.38,0.07
1177,446,9,5,59.6,0.08
1178,446,26,3,40.56,0.11
1179,446,23,4,24.05,0
1180,446,32,6,15.6,0.08
1181,447,45,4,5.88,0.03
1182,447,30,2,19.53,0.04
1183,448,48,2,7.9,0.03
1184,448,25,2,49.44,0.09
1185,448,30,2,18.98,0
1186,449,38,1,9.97,0.02
1187,450,28,4,25.66,0
1188,451,10,2,88.2,0.06
1189,451,40,4,14.82,0.03
1190,451,50,1,142.33,0.05
1191,452,24,1,35.51,0.06
1192,453,44,6,6.74,0.06
1193,453,9,6,58.5,0
1194,453,7,3,83.48,0.06
1195,453,16,1,20.26,0.04
1196,454,50,1,133.53,0.01
1197,454,21,1,43.74,0
1198,454,36,1,16.82,0
1199,454,46,1,18.09,0.01
1200,454,5,1,259.3,0.07
1201,455,1,1,51.95,0.08
1202,455,27,2,20.85,0.11
1203,455,2,1,7.94,0.05
1204,456,48,1,7.72,0.04
1205,457,7,1,80.8,0.06
1206,457,5,2,256.4,0.05
1207,457,6,3,41.67,0
1208,458,50,3,143.06,0
1209,458,4,1,35.62,0
1210,459,37,4,8.76,0
1211,460,11,3,14.55,0.06
1212,460,42,1,12.57,0.05
1213,460,24,1,35.22,0.08
1214,461,27,1,19.95,0.05
1215,461,11,2,14.52,0
1216,462,18,4,24.35,0.01
1217,462,47,1,12.54,0.03
1218,462,19,5,12.89,0.07
1219,462,20,2,30.17,0.09
1220,463,35,4,33.99,0.08
1221,463,40,2,15.72,0
1222,464,26,1,41.94,0.11
1223,464,18,1,23.92,0.04
1224,464,46,2,18.2,0.02
1225,464,31,4,45.35,0.08
1226,465,6,1,38.25,0.06
1227,466,34,1,35.5,0.01
1228,466,13,1,28.64,0.04
1229,466,36,1,16.82,0.02
1230,466,50,3,142.7,0.03
1231,467,15,2,22.86,0.06
1232,468,43,2,25,0
1233,468,7,1,77.13,0.05
1234,469,24,3,35.54,0.11
1235,470,50,4,146.31,0
1236,470,9,2,62.55,0
1237,471,11,1,14.46,0
1238,471,3,1,31.36,0.06
1239,472,36,3,16.94,0.05
1240,472,42,2,11.64,0.05
1241,472,14,1,19.93,0.07
1242,472,50,2,139.55,0.02
1243,473,5,4,250.09,0.07
1244,473,19,3,12.47,0.12
1245,474,27,2,19.11,0.07
1246,474,39,2,13.61,0.01
1247,475,20,1,30.9,0.1
1248,475,35,2,32.11,0
1249,475,41,2,8.02,0.04
1250,476,34,2,33.44,0
1251,476,25,2,49.77,0.11
1252,476,20,4,28.72,0.09
1253,476,33,6,53.55,0.1
1254,476,4,2,34.37,0.08
1255,476,14,2,18.6,0
1256,477,36,2,16.28,0.06
1257,477,35,4,33.58,0.06
1258,477,40,2,14.91,0.01
1259,478,49,2,59.72,0.06
1260,479,7,2,83.24,0.05
1261,479,14,3,18.75,0
1262,480,16,1,19.94,0
1263,481,17,5,40.72,0.04
1264,481,14,1,18.65,0
1265,481,10,1,87.09,0.08
1266,482,20,2,29.51,0.11
1267,483,17,2,40.38,0
1268,483,14,1,18.54,0.03
1269,483,10,1,91.77,0
1270,484,45,2,6.28,0.07
1271,484,10,1,92.63,0.03
1272,485,49,2,62.72,0
1273,485,50,3,140.81,0.05
1274,486,1,2,48.16,0.04
1275,486,7,1,81.83,0.07
1276,486,22,2,14.55,0.08
1277,487,45,1,5.94,0.04
1278,487,42,3,12.48,0.05
1279,488,21,3,47.16,0
1280,489,6,4,38.94,0.12
1281,489,37,2,8.64,0.08
1282,489,47,1,13.53,0.08
1283,489,3,3,29.06,0.1
1284,489,23,4,21.98,0
1285,489,27,1,19.51,0.1
1286,490,46,5,18.73,0.06
1287,490,24,2,36.22,0.15
1288,490,22,2,14.35,0.12
1289,490,7,4,81.2,0
1290,490,23,2,21.9,0
1291,490,20,3,30.71,0
1292,491,28,1,24.3,0
1293,491,46,1,18.54,0.07
1294,491,20,2,30.54,0.06
1295,491,41,2,8.25,0.03
1296,492,44,3,7.17,0.04
1297,493,36,1,16.17,0
1298,493,3,3,30.01,0.07
1299,493,17,1,38,0.06
1300,494,11,1,15.45,0.07
1301,494,2,1,8.28,0.05
1302,494,46,2,18.06,0.03
1303,495,29,2,51.05,0
1304,495,40,3,15.34,0.03
1305,496,37,4,8.79,0.02
1306,496,24,2,34.29,0
1307,496,11,3,14.3,0.07
1308,497,44,2,6.85,0.05
1309,497,14,6,18.61,0.05
1310,497,4,4,34.37,0.12
1311,497,3,3,30.86,0.11
1312,498,48,4,8.07,0.07
1313,498,21,2,45.91,0
1314,498,36,4,16.47,0.02
1315,499,21,1,44.63,0.12
1316,499,23,1,23.84,0.1
1317,500,7,3,81.39,0
1318,500,23,2,22.86,0.11
1319,501,22,8,15.42,0.1
1320,501,1,3,51.59,0.07
1321,501,17,3,40.87,0.09
1322,501,18,3,25.43,0.1
1323,501,39,3,13.16,0
1324,501,14,4,18.05,0.09
1325,502,49,1,57.9,0.04
1326,502,27,2,20.11,0.08
1327,503,36,1,16.97,0
1328,503,41,2,7.87,0
1329,503,23,3,23.88,0.11
1330,503,12,1,25.17,0
1331,504,30,1,18.42,0.08
1332,505,31,2,43.17,0.02
1333,505,15,3,23.52,0
1334,505,12,1,24.08,0
1335,506,43,1,24.06,0.02
1336,507,29,4,50.4,0.07
1337,507,21,3,46.34,0.07
1338,507,39,2,12.7,0.05
1339,508,2,3,7.63,0.03
1340,509,41,1,7.67,0.03
1341,509,15,2,23.34,0.02
1342,510,50,1,144.06,0.03
1343,511,14,2,19.38,0
1344,511,49,3,57.84,0.07
1345,511,22,2,14.3,0.11
1346,511,46,2,18.06,0.04
1347,512,40,2,15.44,0.05
1348,513,16,4,19.24,0
1349,513,34,1,34.54,0.06
1350,513,20,1,30.07,0.1
1351,513,23,3,23.32,0.1
1352,514,26,1,38.93,0.12
1353,514,2,2,7.6,0.03
1354,514,37,1,8.55,0.02
1355,514,16,3,19.84,0.03
1356,515,11,3,14.9,0.06
1357,515,7,2,76.09,0.08
1358,515,17,1,38.17,0.01
1359,515,39,4,13.38,0.05
1360,516,4,4,35.26,0.04
1361,516,20,1,31.26,0
1362,516,22,4,14.37,0.11
1363,516,41,3,8.36,0.06
1364,517,49,1,59.37,0.1
1365,517,37,1,8.89,0.06
1366,517,34,6,34.86,0.11
1367,517,25,10,49.83,0
1368,517,22,8,14.68,0
1369,517,13,6,29.98,0.06
1370,518,15,1,22.22,0
1371,518,41,2,7.84,0
1372,518,21,1,42.78,0
1373,518,3,1,31.18,0.03
1374,519,46,2,18.71,0.07
1375,520,12,4,23.98,0.02
1376,521,11,3,15.27,0.06
1377,521,37,2,9.27,0
1378,522,50,1,142.52,0.02
1379,522,12,5,25.76,0.01
1380,522,2,5,7.97,0.04
1381,523,46,1,17.37,0.02
1382,524,41,3,7.88,0.05
1383,524,43,5,24.41,0
1384,524,33,4,54.66,0.05
1385,525,5,5,237.58,0
1386,525,36,4,16.91,0.06
1387,525,47,2,12.47,0.06
1388,526,25,3,49.66,0.09
1389,526,19,1,13.54,0
1390,526,42,2,11.55,0
1391,526,27,3,19.62,0
1392,526,48,2,7.78,0.03
1393,527,39,3,13.44,0
1394,527,21,1,46.76,0
1395,527,29,2,51.46,0.04
1396,528,10,3,92.97,0.07
1397,528,2,5,7.75,0.05
1398,529,16,4,19.49,0.05
1399,529,31,2,46.01,0.06
1400,529,23,4,22.54,0
1401,529,3,3,28.53,0.08
1402,530,36,3,17.59,0.04
1403,530,25,2,51.57,0.08
1404,530,4,2,33.3,0.07
1405,531,41,5,7.95,0.03
1406,531,13,1,29.84,0.03
1407,531,14,1,19.07,0.01
1408,531,22,1,15.64,0.06
1409,532,43,2,24.65,0.03
1410,532,2,1,7.86,0
1411,532,3,1,29.11,0
1412,532,9,1,58.7,0.04
1413,533,19,2,12.48,0.07
1414,534,30,1,18.29,0.03
1415,534,34,2,34.38,0.05
1416,534,18,3,26.15,0
1417,535,28,1,25.82,0
1418,535,20,3,29.22,0.09
1419,535,32,2,14.75,0
1420,535,27,1,20.62,0.09
1421,536,3,4,29.83,0.08
1422,536,42,1,12.51,0.09
1423,536,24,6,34.07,0.14
1424,536,4,1,33.48,0
1425,536,50,4,135.44,0.05
1426,537,42,4,11.77,0
1427,537,35,2,32.58,0.06
1428,537,50,3,140.97,0.05
1429,538,17,4,40.94,0.07
1430,538,43,1,25.18,0.01
1431,538,2,1,8.1,0.06
1432,539,24,2,34.5,0.1
1433,540,6,4,39.93,0.03
1434,540,25,2,48.1,0.11
1435,540,32,1,14.61,0
1436,541,3,2,31.32,0.09
1437,541,2,2,7.65,0
1438,541,13,1,29.44,0
1439,541,39,3,12.75,0.05
1440,542,12,1,24.87,0.06
1441,542,10,2,89.52,0.09
1442,542,7,1,81.65,0.04
1443,543,27,3,20.15,0.11
1444,543,41,2,8.18,0.04
1445,543,7,1,82.25,0
1446,544,25,3,50.35,0.12
1447,545,37,1,8.76,0
1448,545,11,4,15.09,0
1449,546,14,3,18.9,0.08
1450,546,39,2,12.75,0.02
1451,547,32,1,14.77,0.06
1452,548,2,1,8.34,0.08
1453,549,40,4,15.5,0
1454,549,39,1,13.43,0.07
1455,549,27,1,20.25,0.14
1456,549,46,1,18.52,0.07
1457,549,10,4,88.44,0.1
1458,549,30,2,18.75,0
1459,550,36,1,17.11,0.05
1460,550,1,2,50.12,0.07
1461,550,42,4,11.66,0.03
1462,550,30,1,19.27,0.03
1463,551,27,3,19.28,0
1464,551,41,1,8.3,0.02
1465,552,23,1,22.4,0.07
1466,552,1,4,52.26,0.07
1467,552,15,1,22.83,0
1468,552,48,1,7.59,0
1469,553,49,3,59.2,0.05
1470,553,20,1,29.98,0.1
1471,553,40,1,15.32,0
1472,553,26,3,40.16,0.1
1473,554,34,1,36.36,0.07
1474,555,10,5,89.48,0.08
1475,556,14,1,19.45,0
1476,557,6,1,39.64,0.06
1477,557,21,1,43.41,0.12
1478,558,6,1,40.53,0.08
1479,558,10,3,93.07,0
1480,558,20,1,30.89,0.08
1481,558,46,1,18.41,0
1482,559,33,1,53.05,0.05
1483,559,14,3,18.48,0.05
1484,559,6,1,40.34,0.04
1485,560,4,3,34.29,0.09
1486,561,49,2,58.22,0.03
1487,562,38,3,9.98,0
1488,562,1,1,50.55,0.04
1489,562,27,1,19.74,0.1
1490,563,11,2,15.55,0.09
1491,564,40,2,14.36,0.01
1492,565,35,1,34,0.06
1493,565,23,3,23.48,0.08
1494,566,46,3,17.88,0.06
1495,567,42,4,11.41,0.04
1496,568,9,1,62.41,0
1497,568,20,2,29.08,0.1
1498,568,2,2,7.91,0.03
1499,568,34,2,33.32,0.05
1500,569,24,3,36.35,0
1501,569,11,1,14.52,0.03
1502,569,25,1,47.86,0
1503,570,30,3,18.58,0
1504,570,24,2,34,0.11
1505,570,4,5,36.4,0
1506,570,45,2,6.22,0
1507,571,42,5,11.59,0
1508,571,20,4,31.36,0.08
1509,571,44,1,7.02,0
1510,572,4,1,33.32,0.05
1511,572,5,4,238.79,0
1512,572,16,3,19.73,0.04
1513,573,21,3,43.2,0.08
1514,574,7,3,80.95,0.06
1515,575,24,1,34.33,0.07
1516,575,48,3,8.31,0.03
1517,576,20,3,29.15,0.11
1518,576,32,3,15.1,0.07
1519,576,42,3,11.96,0
1520,577,12,2,25.74,0.05
1521,577,35,1,32.56,0.07
1522,577,9,1,61.82,0.12
1523,577,43,3,25.89,0.04
1524,578,29,2,48.74,0.05
1525,579,12,4,24.36,0.03
1526,579,46,3,17.62,0
1527,580,14,1,19.76,0.06
1528,581,39,2,13.48,0.03
1529,581,20,1,29.56,0.09
1530,581,35,5,33.86,0.06
1531,581,18,6,23.83,0
1532,581,49,3,60.16,0.09
1533,581,46,10,17.29,0.09
1534,582,11,1,14.76,0.04
1535,582,44,4,6.83,0.05
1536,583,2,1,7.84,0.06
1537,583,4,4,35.87,0.07
1538,583,17,4,41.82,0
1539,584,31,3,46.64,0.08
1540,584,46,5,18.44,0.06
1541,584,23,2,22.69,0.08
1542,584,9,1,59.44,0
1543,585,14,2,19.8,0
1544,585,35,2,34.47,0
1545,585,31,1,47.14,0
1546,585,33,1,57.73,0
1547,586,49,3,62.54,0.02
1548,586,42,3,11.73,0.05
1549,586,9,4,61.24,0.03
1550,586,39,2,13.43,0
1551,587,10,2,85.91,0.07
1552,587,25,1,51.5,0.08
1553,588,36,1,16.85,0.06
1554,588,6,2,39.67,0
1555,588,20,2,31.01,0.07
1556,588,37,2,8.65,0.05
1557,589,41,1,7.94,0
1558,589,23,1,23,0.07
1559,589,30,1,19.73,0.07
1560,589,17,1,38.85,0.05
1561,590,26,2,40.75,0
1562,590,11,4,14.49,0.08
1563,590,9,2,62.76,0.06
1564,591,38,3,9.94,0.07
1565,592,2,2,8.01,0
1566,592,42,1,12.13,0.04
1567,592,8,1,43.39,0
1568,592,31,4,45.21,0
1569,593,8,4,45.02,0.07
1570,593,18,2,25.32,0.05
1571,594,37,1,9.32,0
1572,594,2,2,7.59,0
1573,595,10,2,92.58,0
1574,596,35,3,34.38,0.04
1575,597,8,1,43.32,0.05
1576,598,29,3,49.94,0
1577,598,13,3,28.6,0.07
1578,598,9,4,62.24,0
1579,598,17,5,40.62,0.04
1580,599,44,2,6.68,0
1581,599,25,3,48.65,0.09
1582,599,45,2,5.97,0.07
1583,599,19,2,13.24,0.09
1584,600,13,1,30.07,0.02
1585,600,21,5,44.12,0.07
1586,601,24,1,35.9,0
1587,601,28,3,25.89,0.04
1588,601,23,1,22.89,0.13
1589,601,21,4,44.78,0.12
1590,602,9,2,58.3,0.05
1591,602,36,4,16.89,0
1592,603,12,1,24.27,0
1593,603,29,2,52.05,0.05
1594,604,22,2,15.17,0.11
1595,604,29,1,48.63,0.08
1596,605,37,1,9.42,0
1597,606,17,1,39.61,0.07
1598,607,20,3,29.74,0
1599,608,11,2,15.67,0.07
1600,608,43,4,26.2,0.05
1601,609,27,3,19.76,0.11
1602,609,9,1,62.51,0.04
1603,609,33,1,53.21,0
1604,610,27,2,19.09,0
1605,611,23,1,23.82,0
1606,611,32,2,14.49,0
1607,611,5,2,242.5,0
1608,611,24,2,33.26,0.07
1609,612,8,2,44,0.07
1610,613,2,2,7.84,0.03
1611,613,18,2,25.43,0
1612,613,49,2,61.06,0.06
1613,614,8,3,42.9,0.05
1614,614,43,2,26.04,0.03
1615,615,39,2,12.51,0.03
1616,616,5,5,256.52,0.04
1617,617,36,1,17.53,0.05
1618,618,36,3,16.56,0.05
1619,618,41,5,8.24,0.02
1620,618,29,2,52.17,0
1621,618,33,3,57.32,0.06
1622,619,27,2,19.52,0
1623,620,37,4,8.96,0
1624,620,4,2,36.15,0.04
1625,620,40,1,14.92,0
1626,621,13,2,30.76,0
1627,621,21,1,46.01,0.09
1628,621,44,5,7.08,0.04
1629,621,25,4,52.03,0.11
1630,621,15,4,23.19,0.05
1631,621,30,2,18.89,0.08
1632,622,38,3,9.77,0
1633,622,22,2,14.81,0
1634,622,18,3,24.25,0.07
1635,623,30,2,19.27,0.06
1636,623,22,1,15.01,0.09
1637,623,49,3,58.35,0.03
1638,624,43,1,24.87,0.03
1639,625,41,1,8.28,0.06
1640,625,23,1,22.09,0.15
1641,625,24,2,36.13,0.14
1642,625,10,1,86.66,0.08
1643,625,44,2,6.74,0
1644,626,32,2,14.63,0.03
1645,626,22,2,15.61,0.09
1646,626,8,2,45.9,0.07
1647,626,31,1,43.29,0
1648,627,17,2,41.76,0
1649,627,9,5,58.66,0.03
1650,627,24,1,34.21,0.08
1651,627,23,3,23.13,0
1652,628,35,1,32.45,0
1653,628,25,4,51.57,0
1654,628,42,2,11.94,0
1655,628,27,5,20.37,0
1656,629,22,2,15.48,0.06
1657,629,3,3,28.85,0.03
1658,629,27,2,20.47,0.1
1659,630,26,2,38.73,0.07
1660,630,23,4,22.92,0.07
1661,630,35,4,32.81,0.08
1662,631,47,1,13.21,0.04
1663,631,39,1,12.94,0.05
1664,632,11,2,15.28,0.03
1665,632,7,1,82.24,0
1666,633,50,5,138.66,0.08
1667,634,29,3,48.5,0.11
1668,634,14,2,18.69,0.06
1669,635,28,3,25.39,0
1670,635,39,2,13.2,0
1671,635,6,2,39.03,0
1672,636,31,1,42.97,0.03
1673,636,18,1,25.76,0.03
1674,637,39,2,12.77,0.02
1675,638,39,3,12.81,0
1676,638,26,4,40.46,0.12
1677,638,38,1,9.93,0
1678,638,7,3,78.16,0.07
1679,639,34,1,33.3,0.08
1680,639,8,2,45.2,0.09
1681,639,30,4,19.44,0.08
1682,640,21,2,46.03,0.13
1683,640,45,2,5.88,0.02
1684,641,12,2,24.69,0.02
1685,642,25,1,51.57,0.13
1686,642,29,4,47.91,0.07
1687,643,23,4,22.24,0
1688,643,41,4,8.18,0.01
1689,644,17,2,40.17,0
1690,644,13,3,30.59,0
1691,644,2,4,7.63,0.04
1692,644,41,3,8.31,0.06
1693,645,30,3,18.52,0.04
1694,645,41,2,7.92,0
1695,645,16,4,20.91,0.03
1696,646,38,2,10.15,0.04
1697,646,10,2,87.26,0
1698,646,45,2,6.07,0.03
1699,646,35,1,31.92,0.06
1700,647,49,3,57.25,0.04
1701,648,1,1,52.16,0.03
1702,648,11,1,14.37,0
1703,648,29,3,52.11,0
1704,648,44,4,7.15,0.02
1705,649,18,4,24.36,0.01
1706,650,35,2,32.41,0.06
1707,650,33,4,52.33,0.06
1708,651,19,5,12.95,0.1
1709,652,24,2,36.68,0
1710,652,31,1,45.12,0.05
1711,652,22,1,14.27,0.07
1712,653,3,4,30.7,0
1713,654,50,1,134.73,0.06
1714,654,22,1,15.11,0.09
1715,654,10,2,88.83,0.1
1716,654,48,4,7.71,0.06
1717,655,33,3,53.95,0.03
1718,655,16,3,19.88,0.06
1719,655,4,1,34.41,0.07
1720,655,35,3,32.68,0.05
1721,656,20,3,28.78,0
1722,656,8,2,44.9,0.09
1723,656,34,2,36.44,0.06
1724,656,21,3,45.73,0
1725,657,7,1,82.97,0.07
1726,657,5,2,251.13,0.04
1727,657,45,1,5.82,0.06
1728,657,22,1,15.68,0.11
1729,658,12,2,24.74,0.04
1730,658,24,2,34.38,0.09
1731,659,33,5,53.23,0
1732,659,27,3,20.51,0.1
1733,659,12,2,25.19,0.05
1734,659,21,2,44.59,0
1735,660,9,5,61.12,0.05
1736,661,15,3,23.78,0.07
1737,661,20,2,29.04,0
1738,662,10,1,89.02,0.08
1739,662,48,2,7.93,0.01
1740,663,7,2,81.08,0
1741,663,50,1,142.51,0.01
1742,663,40,2,15.47,0.03
1743,663,47,2,13.09,0.06
1744,664,5,1,262.17,0
1745,664,34,4,33.98,0
1746,664,31,3,46.85,0
1747,665,35,1,31.59,0.02
1748,665,32,1,14.55,0.07
1749,665,50,2,139.85,0.01
1750,665,1,3,51.77,0.06
1751,666,39,1,13.28,0.03
1752,666,27,3,19.58,0.1
1753,666,8,2,45.88,0.06
1754,667,28,3,24.11,0.03
1755,667,12,2,24.47,0.06
1756,668,4,3,34.26,0
1757,669,35,3,32.3,0
1758,670,30,2,19.67,0
1759,671,46,1,17.7,0.02
1760,671,27,1,20.67,0
1761,672,11,3,14.91,0.05
1762,673,14,3,18.61,0.08
1763,673,15,8,24.01,0
1764,673,26,2,39.75,0
1765,673,21,6,45.54,0.15
1766,673,10,4,89.54,0
1767,674,8,5,47.21,0.1
1768,674,3,2,30.02,0.05
1769,674,27,2,19.54,0
1770,674,42,1,11.49,0.07
1771,675,36,1,16.83,0.06
1772,675,43,3,25.76,0.08
1773,675,39,2,13.45,0.05
1774,676,7,2,80.67,0.03
1775,676,34,2,35.92,0.01
1776,676,46,1,17.13,0
1777,676,20,1,30.78,0.08
1778,676,38,2,9.63,0.03
1779,677,3,1,29.68,0.04
1780,677,19,3,12.88,0.12
1781,677,30,2,19.55,0.02
1782,678,37,1,8.83,0
1783,678,2,2,8.31,0.04
1784,678,20,4,28.65,0
1785,679,32,1,15.1,0.06
1786,679,12,2,25.1,0
1787,680,42,2,12.34,0.06
1788,680,27,2,20.93,0.1
1789,680,32,1,14.44,0.05
1790,680,8,2,45.8,0.04
1791,681,20,2,30.86,0
1792,681,30,1,18.88,0
1793,681,38,5,9.96,0.03
1794,681,28,2,24.99,0.09
1795,682,19,2,12.83,0
1796,682,34,2,35.53,0.04
1797,683,9,8,59.37,0.1
1798,683,10,2,88.48,0.08
1799,683,7,6,79.04,0
1800,683,19,2,12.59,0.1
1801,683,35,2,34.47,0.1
1802,684,16,3,19.43,0.03
1803,685,6,3,38.95,0.06
1804,685,8,2,43.88,0
1805,686,17,2,41.01,0
1806,686,28,4,24.35,0.07
1807,687,3,1,29.09,0.05
1808,687,26,2,41.4,0.06
1809,688,25,3,50.48,0.08
1810,688,49,2,58.55,0
1811,688,8,2,44.46,0
1812,689,49,5,62.82,0.02
1813,689,31,1,42.78,0.06
1814,690,35,1,32.24,0.07
1815,690,36,2,17.47,0.04
1816,691,36,2,17.09,0.06
1817,691,7,1,82.91,0
1818,691,16,2,19.77,0.02
1819,691,21,2,42.95,0.1
1820,692,8,3,45.01,0.07
1821,693,19,4,13.27,0.07
1822,693,47,2,12.5,0.03
1823,693,44,5,7.07,0.02
1824,693,49,1,57.79,0.01
1825,694,21,3,44.58,0.11
1826,694,25,3,50.74,0
1827,694,31,3,44.37,0.04
1828,695,17,3,41.82,0.04
1829,695,15,2,23.5,0.02
1830,695,1,2,51.82,0.04
1831,696,18,2,23.77,0.06
1832,696,1,1,48.92,0.04
1833,696,20,3,30.27,0
1834,696,35,4,34.34,0.05
1835,697,35,2,32.46,0.07
1836,697,16,2,19.28,0.01
1837,698,42,3,12.36,0.01
1838,698,33,3,57.51,0
1839,699,29,1,50.28,0
1840,700,19,4,12.72,0.08
1841,701,16,3,20.64,0.05
1842,701,50,1,136.34,0.04
1843,701,38,1,10.46,0
1844,701,25,1,51.7,0.09
1845,702,49,3,61.01,0.04
1846,703,49,6,59.42,0.09
1847,703,7,5,82.06,0.08
1848,704,32,2,14.73,0.08
1849,704,45,3,5.9,0
1850,704,40,1,14.99,0.03
1851,704,16,1,20.28,0.03
1852,705,13,1,29.5,0.04
1853,705,49,1,57.01,0
1854,705,23,1,22.33,0.08
1855,705,3,1,30.4,0.09
1856,706,11,3,14.47,0
1857,707,32,1,14.52,0.05
1858,707,22,1,14.38,0
1859,707,1,2,50.25,0.05
1860,707,31,4,42.9,0
1861,708,17,1,40,0.03
1862,708,42,2,12.58,0.04
1863,709,23,2,22.33,0.1
1864,709,16,3,20.97,0.05
1865,710,18,2,23.94,0.03
1866,711,30,1,18.27,0.04
1867,711,50,3,146.02,0
1868,711,8,1,45.29,0.08
1869,711,36,3,17.37,0.03
1870,712,31,1,44.93,0.06
1871,713,14,1,19.07,0.02
1872,713,35,1,33.12,0.06
1873,714,4,2,33.69,0
1874,714,43,3,24.71,0
1875,714,27,1,20.27,0
1876,714,2,5,7.92,0
1877,715,6,6,38.94,0
1878,715,28,2,25.41,0
1879,715,5,3,255.17,0.08
1880,716,44,1,7,0.04
1881,716,45,1,5.86,0.04
1882,716,16,1,19.24,0.03
1883,716,35,3,32.19,0.03
1884,717,46,1,18.12,0.05
1885,718,28,2,25.14,0.09
1886,718,15,2,22.1,0.06
1887,719,21,2,44.19,0
1888,719,13,5,31.36,0
1889,720,13,2,28.72,0.06
1890,720,28,2,24.58,0.07
1891,720,8,3,45.38,0.05
1892,721,20,2,28.87,0.06
1893,722,5,1,256.97,0.06
1894,722,36,2,17.1,0.01
1895,723,46,3,17.49,0
1896,723,44,3,7.1,0.02
1897,723,49,1,61.31,0.07
1898,724,18,1,25.32,0.01
1899,725,22,3,15.64,0.08
1900,726,28,1,24.08,0.05
1901,727,21,2,43.32,0.06
1902,728,7,1,83.02,0.08
1903,728,24,1,34.94,0
1904,728,29,2,52.18,0.06
1905,728,9,1,61.61,0
1906,729,9,3,60.8,0.07
1907,729,29,3,47.7,0.04
1908,729,42,2,12.41,0
1909,729,25,1,48.08,0
1910,730,33,1,52.73,0.04
1911,730,36,1,16.6,0.02
1912,730,45,1,6.05,0
1913,731,6,3,40.82,0.09
1914,731,37,1,8.82,0.07
1915,731,45,4,5.72,0
1916,731,49,1,57.19,0.08
1917,731,27,8,20.44,0.11
1918,732,4,1,33.66,0.06
1919,732,46,2,17.12,0.02
1920,732,11,5,15.28,0.05
1921,732,6,2,40.01,0
1922,733,48,1,7.62,0.03
1923,733,21,1,44.16,0.11
1924,733,43,1,25.87,0
1925,733,6,3,41.49,0.05
1926,734,32,1,14.45,0.04
1927,734,40,2,14.97,0.01
1928,734,47,2,12.77,0.07
1929,734,11,2,15.67,0
1930,735,46,1,18.34,0.06
1931,735,30,1,18.06,0.03
1932,736,15,3,22.34,0
1933,736,22,2,14.96,0.09
1934,737,7,3,79.15,0.04
1935,738,17,3,39.59,0
1936,738,11,1,15.49,0
1937,739,41,3,7.97,0.09
1938,739,8,4,44.29,0
1939,739,6,4,41.71,0.07
1940,739,9,1,60.09,0.08
1941,740,50,1,141.05,0.03
1942,741,28,1,24.86,0.02
1943,742,28,4,24.56,0
1944,742,47,4,12.58,0.05
1945,742,34,6,33.33,0.07
1946,743,23,4,23.65,0.09
1947,744,10,5,89.42,0
1948,744,40,6,14.36,0.04
1949,744,24,2,36.21,0.15
1950,745,29,2,48.62,0.07
1951,745,43,2,26.03,0.03
1952,746,28,1,25.18,0.1
1953,746,9,2,57.84,0
1954,746,40,3,14.88,0.07
1955,746,6,2,38.47,0.1
1956,746,33,5,56.51,0.05
1957,746,1,2,51.43,0.06
1958,747,30,3,19.15,0.06
1959,747,6,2,41.06,0.05
1960,747,44,2,6.81,0
1961,747,48,3,8.13,0.03
1962,748,10,1,90.37,0
1963,749,46,2,17.4,0.04
1964,749,5,3,255.03,0.05
1965,749,49,3,61.69,0.02
1966,750,33,2,56.09,0
1967,751,16,4,19.75,0
1968,751,9,4,62.15,0
1969,752,32,2,15.48,0
1970,752,15,4,24.01,0.02
1971,752,34,2,34.45,0
1972,752,25,4,50.37,0.07
1973,753,2,2,7.97,0
1974,753,15,1,23.45,0.03
1975,753,14,1,18.96,0.07
1976,753,13,4,30.69,0.02
1977,754,35,3,31.75,0.07
1978,754,48,1,8.3,0.03
1979,754,40,1,14.37,0.06
1980,755,23,2,23.81,0
1981,755,16,2,20.31,0.02
1982,756,34,2,35.43,0
1983,756,28,2,25.37,0.05
1984,756,8,4,45.55,0.04
1985,756,21,5,46.93,0.08
1986,757,16,1,19.71,0.03
1987,757,38,3,10.28,0.05
1988,757,5,1,256.51,0.03
1989,758,48,8,7.72,0
1990,758,20,3,28.7,0.11
1991,758,11,3,15.06,0.06
1992,758,2,3,8.36,0
1993,759,22,3,15.58,0
1994,759,47,1,13.17,0
1995,759,25,3,49.02,0.1
1996,759,36,2,16.19,0
1997,760,14,1,19.47,0.06
1998,760,32,1,15.47,0
1999,760,48,1,7.73,0.05
2000,760,39,5,13.11,0
2001,761,6,1,38.92,0
2002,762,35,1,34.09,0
2003,762,4,1,34.02,0.07
2004,762,26,3,39.01,0.06
2005,762,8,2,45.85,0
2006,763,45,1,6.2,0
2007,763,11,1,15.55,0
2008,763,1,1,47.53,0
2009,763,37,1,9.41,0
2010,764,48,8,8.21,0
2011,764,49,1,62.93,0.07
2012,764,13,2,29.61,0
2013,764,40,2,15.16,0.04
2014,764,18,2,24.45,0.09
2015,765,21,2,46.39,0.13
2016,765,4,5,34.72,0.06
2017,765,16,4,20.54,0
2018,766,13,2,28.62,0.05
2019,766,30,3,18.26,0.01
2020,767,7,1,80.02,0.08
2021,767,19,1,13.55,0.08
2022,767,11,2,15.34,0.03
2023,768,47,1,12.65,0
2024,769,36,2,16.34,0.04
2025,769,44,4,6.95,0.02
2026,769,1,1,49.14,0
2027,770,6,1,39.69,0
2028,770,45,1,5.84,0.03
2029,770,13,3,29.62,0.07
2030,770,23,1,24.11,0.09
2031,771,48,1,7.64,0.04
2032,771,23,3,22.22,0.12
2033,771,42,4,11.65,0.01
2034,771,44,3,6.92,0.01
2035,772,43,10,24.74,0.06
2036,772,34,8,35.62,0.1
2037,772,40,1,15.61,0.03
2038,772,36,3,16.39,0.06
2039,772,3,3,29.42,0.1
2040,773,23,2,22.91,0.06
2041,774,32,3,14.65,0
2042,774,21,1,46.25,0.11
2043,774,50,2,135.29,0.02
2044,774,25,2,49.29,0.12
2045,775,8,5,44.37,0.08
2046,775,47,2,13.6,0.06
2047,776,18,2,25.12,0.06
2048,777,24,2,34.27,0.07
2049,778,50,2,137.03,0.02
2050,779,23,3,22.7,0
2051,780,46,2,17.13,0.04
2052,781,11,2,14.34,0.02
2053,781,35,1,32.52,0
2054,781,7,1,80.26,0
2055,781,26,1,40.06,0.11
2056,782,42,1,12.54,0
2057,782,19,1,13.27,0
2058,782,15,1,22.18,0
2059,782,17,2,38.97,0.05
2060,783,8,4,44.21,0
2061,783,1,2,48.69,0.09
2062,783,5,2,246.62,0
2063,783,37,2,8.98,0.05
2064,784,42,1,11.63,0.07
2065,784,24,2,35.49,0.12
2066,784,20,2,31.16,0.12
2067,784,31,5,47.2,0.1
2068,784,22,2,14.74,0
2069,785,14,2,18.91,0.07
2070,785,20,4,28.62,0
2071,785,2,4,8.01,0.06
2072,785,3,4,28.54,0
2073,786,38,1,10.18,0.05
2074,786,33,1,53.64,0.09
2075,786,14,1,18.31,0.05
2076,787,3,1,30.91,0.07
2077,787,33,8,56.03,0.09
2078,788,26,4,40.33,0.13
2079,788,16,3,20.45,0.07
2080,788,13,3,29.57,0.07
2081,788,41,2,8.1,0.08
2082,788,44,3,6.75,0
2083,788,12,3,25.91,0
2084,789,44,1,6.81,0
2085,789,41,3,8.17,0
2086,789,33,4,55.39,0.07
2087,789,24,2,36.16,0.15
2088,790,38,1,10.22,0.02
2089,790,31,3,43.02,0.06
2090,791,50,3,146.66,0.03
2091,792,7,2,76.19,0
2092,792,14,1,19.16,0
2093,792,28,2,24.63,0.04
2094,792,15,2,22.16,0.05
2095,793,28,2,25.65,0
2096,793,25,2,49.17,0.12
2097,793,32,1,15.06,0
2098,794,5,3,245.29,0
2099,794,43,3,23.92,0.06
2100,794,16,3,20.07,0
2101,795,16,1,19.13,0
2102,796,28,1,24.86,0.03
2103,797,43,3,25.44,0.02
2104,798,38,2,9.69,0.05
2105,798,24,3,33.95,0.09
2106,798,2,1,7.82,0.05
2107,799,35,1,33.32,0.03
2108,799,16,4,19.88,0.03
2109,799,1,1,47.97,0.03
2110,800,18,4,24.04,0.06
